accuracy,balanced_accuracy,f1,precision,recall,specificity,roc_auc,pr_auc,mcc,kappa,log_loss,optimal_threshold
0.75875,0.75875,0.7230989956958394,0.8484848484848485,0.63,0.8874999999977813,0.84053125,0.8630690343577541,0.5355599943054483,0.5175000000000001,0.6227539304666082,0.1
