accuracy,balanced_accuracy,f1,precision,recall,specificity,roc_auc,pr_auc,mcc,kappa,log_loss,optimal_threshold
0.8825,0.8825000000000001,0.8872901678657075,0.8525345622119815,0.925,0.8399999999979,0.9416124999999999,0.9205753452667305,0.7677786282903288,0.765,0.3082038321919198,0.5500000000000002
